Last Name,User ID,Date,Form Name,Form ID,Submission ID,Parameter,Result,Unit
Athlete 1,199308,08/23/2021,Performance Log,72,4741081,Overall,10,
Athlete 1,199308,08/23/2021,Performance Log,72,4741081,Soreness,10,
Athlete 1,199308,08/23/2021,Performance Log,72,4741081,Hours of Sleep,7,hrs
Athlete 1,199308,08/23/2021,Performance Log,72,4741081,Quality of Sleep,10,
Athlete 1,199308,08/23/2021,Performance Log,72,4741081,Hydration,10,
Athlete 1,199308,08/23/2021,Performance Log,72,4741081,Nutrition,10,
Athlete 1,199308,08/23/2021,Performance Log,72,4741081,Body Weight,215,lbs
Athlete 1,199308,08/24/2021,Performance Log,72,4748808,Overall,8,
Athlete 1,199308,08/24/2021,Performance Log,72,4748808,Soreness,9,
Athlete 1,199308,08/24/2021,Performance Log,72,4748808,Hours of Sleep,7,hrs
Athlete 1,199308,08/24/2021,Performance Log,72,4748808,Quality of Sleep,10,
Athlete 1,199308,08/24/2021,Performance Log,72,4748808,Hydration,10,
Athlete 1,199308,08/24/2021,Performance Log,72,4748808,Nutrition,10,
Athlete 1,199308,08/24/2021,Performance Log,72,4748808,Stress,10,
Athlete 1,199308,08/24/2021,Performance Log,72,4748808,Body Weight,215,lbs
Athlete 1,199308,08/25/2021,Post Workout,65,4757172,Workout Duration,85,mins
Athlete 1,199308,08/25/2021,Post Workout,65,4757172,RPE,3,
Athlete 1,199308,08/25/2021,Performance Log,72,4756612,Overall,10,
Athlete 1,199308,08/25/2021,Performance Log,72,4756612,Soreness,8,
Athlete 1,199308,08/25/2021,Performance Log,72,4756612,Hours of Sleep,8,hrs
Athlete 1,199308,08/25/2021,Performance Log,72,4756612,Quality of Sleep,10,
Athlete 1,199308,08/25/2021,Performance Log,72,4756612,Hydration,8,
Athlete 1,199308,08/25/2021,Performance Log,72,4756612,Nutrition,10,
Athlete 1,199308,08/25/2021,Performance Log,72,4756612,Stress,10,
Athlete 1,199308,08/25/2021,Performance Log,72,4756612,Body Weight,215,lbs
Athlete 1,199308,08/26/2021,Performance Log,72,4762377,Overall,10,
Athlete 1,199308,08/26/2021,Performance Log,72,4762377,Soreness,9,
Athlete 1,199308,08/26/2021,Performance Log,72,4762377,Hours of Sleep,8,hrs
Athlete 1,199308,08/26/2021,Performance Log,72,4762377,Quality of Sleep,7,
Athlete 1,199308,08/26/2021,Performance Log,72,4762377,Hydration,10,
Athlete 1,199308,08/26/2021,Performance Log,72,4762377,Nutrition,10,
Athlete 1,199308,08/26/2021,Performance Log,72,4762377,Stress,10,
Athlete 1,199308,08/26/2021,Performance Log,72,4762377,Body Weight,215,lbs
Athlete 2,197154,08/24/2021,Performance Log,72,4751921,Overall,9,
Athlete 2,197154,08/24/2021,Performance Log,72,4751921,Soreness,6,
Athlete 2,197154,08/24/2021,Performance Log,72,4751921,Hours of Sleep,9,hrs
Athlete 2,197154,08/24/2021,Performance Log,72,4751921,Quality of Sleep,8,
Athlete 2,197154,08/24/2021,Performance Log,72,4751921,Hydration,8,
Athlete 2,197154,08/24/2021,Performance Log,72,4751921,Nutrition,8,
Athlete 2,197154,08/24/2021,Performance Log,72,4751921,Stress,8,
Athlete 2,197154,08/24/2021,Performance Log,72,4751921,Body Weight,173,lbs
Athlete 2,197154,08/25/2021,Post Workout,65,4757052,Workout Duration,61,mins
Athlete 2,197154,08/25/2021,Post Workout,65,4757052,RPE,3,
Athlete 2,197154,08/25/2021,Performance Log,72,4756601,Overall,6,
Athlete 2,197154,08/25/2021,Performance Log,72,4756601,Soreness,6,
Athlete 2,197154,08/25/2021,Performance Log,72,4756601,Hours of Sleep,8,hrs
Athlete 2,197154,08/25/2021,Performance Log,72,4756601,Quality of Sleep,5,
Athlete 2,197154,08/25/2021,Performance Log,72,4756601,Hydration,8,
Athlete 2,197154,08/25/2021,Performance Log,72,4756601,Nutrition,6,
Athlete 2,197154,08/25/2021,Performance Log,72,4756601,Stress,7,
Athlete 2,197154,08/25/2021,Performance Log,72,4756601,Body Weight,173,lbs
Athlete 2,197154,08/26/2021,Post Workout,65,4762660,Workout Duration,51,mins
Athlete 2,197154,08/26/2021,Post Workout,65,4762660,RPE,5,
Athlete 2,197154,08/26/2021,Performance Log,72,4762276,Overall,6,
Athlete 2,197154,08/26/2021,Performance Log,72,4762276,Soreness,6,
Athlete 2,197154,08/26/2021,Performance Log,72,4762276,Hours of Sleep,8,hrs
Athlete 2,197154,08/26/2021,Performance Log,72,4762276,Quality of Sleep,7,
Athlete 2,197154,08/26/2021,Performance Log,72,4762276,Hydration,7,
Athlete 2,197154,08/26/2021,Performance Log,72,4762276,Nutrition,8,
Athlete 2,197154,08/26/2021,Performance Log,72,4762276,Stress,9,
Athlete 2,197154,08/26/2021,Performance Log,72,4762276,Body Weight,173,lbs
Athlete 2,197154,08/27/2021,Post Workout,65,4773419,Workout Duration,85,mins
Athlete 2,197154,08/27/2021,Post Workout,65,4773419,RPE,2,
Athlete 2,197154,08/27/2021,Performance Log,72,4773065,Overall,7,
Athlete 2,197154,08/27/2021,Performance Log,72,4773065,Soreness,7,
Athlete 2,197154,08/27/2021,Performance Log,72,4773065,Hours of Sleep,8,hrs
Athlete 2,197154,08/27/2021,Performance Log,72,4773065,Quality of Sleep,5,
Athlete 2,197154,08/27/2021,Performance Log,72,4773065,Hydration,7,
Athlete 2,197154,08/27/2021,Performance Log,72,4773065,Nutrition,7,
Athlete 2,197154,08/27/2021,Performance Log,72,4773065,Stress,4,
Athlete 2,197154,08/27/2021,Performance Log,72,4773065,Body Weight,173,lbs
Athlete 3,89020,08/23/2021,Post Workout,65,4741831,Workout Duration,95,mins
Athlete 3,89020,08/23/2021,Post Workout,65,4741831,RPE,1,
Athlete 3,89020,08/23/2021,Performance Log,72,4741052,Overall,6,
Athlete 3,89020,08/23/2021,Performance Log,72,4741052,Soreness,7,
Athlete 3,89020,08/23/2021,Performance Log,72,4741052,Hours of Sleep,9,hrs
Athlete 3,89020,08/23/2021,Performance Log,72,4741052,Quality of Sleep,5,
Athlete 3,89020,08/23/2021,Performance Log,72,4741052,Hydration,5,
Athlete 3,89020,08/23/2021,Performance Log,72,4741052,Nutrition,6,
Athlete 3,89020,08/23/2021,Performance Log,72,4741052,Stress,7,
Athlete 3,89020,08/23/2021,Performance Log,72,4741052,Body Weight,207,lbs
Athlete 3,89020,08/24/2021,Post Workout,65,4749674,Workout Duration,60,mins
Athlete 3,89020,08/24/2021,Post Workout,65,4749674,RPE,1,
Athlete 3,89020,08/24/2021,Performance Log,72,4749167,Overall,8,
Athlete 3,89020,08/24/2021,Performance Log,72,4749167,Soreness,5,
Athlete 3,89020,08/24/2021,Performance Log,72,4749167,Hours of Sleep,7,hrs
Athlete 3,89020,08/24/2021,Performance Log,72,4749167,Quality of Sleep,6,
Athlete 3,89020,08/24/2021,Performance Log,72,4749167,Hydration,7,
Athlete 3,89020,08/24/2021,Performance Log,72,4749167,Nutrition,7,
Athlete 3,89020,08/24/2021,Performance Log,72,4749167,Stress,8,
Athlete 3,89020,08/24/2021,Performance Log,72,4749167,Body Weight,208,lbs
Athlete 3,89020,08/25/2021,Post Workout,65,4757319,Workout Duration,104,mins
Athlete 3,89020,08/25/2021,Post Workout,65,4757319,RPE,1,
Athlete 3,89020,08/25/2021,Performance Log,72,4756602,Overall,4,
Athlete 3,89020,08/25/2021,Performance Log,72,4756602,Soreness,4,
Athlete 3,89020,08/25/2021,Performance Log,72,4756602,Hours of Sleep,8,hrs
Athlete 3,89020,08/25/2021,Performance Log,72,4756602,Quality of Sleep,5,
Athlete 3,89020,08/25/2021,Performance Log,72,4756602,Hydration,5,
Athlete 3,89020,08/25/2021,Performance Log,72,4756602,Nutrition,6,
Athlete 3,89020,08/25/2021,Performance Log,72,4756602,Stress,7,
Athlete 3,89020,08/25/2021,Performance Log,72,4756602,Body Weight,207,lbs
Athlete 3,89020,08/26/2021,Performance Log,72,4762275,Overall,4,
Athlete 3,89020,08/26/2021,Performance Log,72,4762275,Soreness,3,
Athlete 3,89020,08/26/2021,Performance Log,72,4762275,Hours of Sleep,6,hrs
Athlete 3,89020,08/26/2021,Performance Log,72,4762275,Quality of Sleep,5,
Athlete 3,89020,08/26/2021,Performance Log,72,4762275,Hydration,6,
Athlete 3,89020,08/26/2021,Performance Log,72,4762275,Nutrition,7,
Athlete 3,89020,08/26/2021,Performance Log,72,4762275,Stress,7,
Athlete 3,89020,08/26/2021,Performance Log,72,4762275,Body Weight,206,lbs
Athlete 4,171251,08/23/2021,Post Workout,65,4740736,Workout Duration,104,mins
Athlete 4,171251,08/23/2021,Post Workout,65,4740736,RPE,4,
Athlete 4,171251,08/23/2021,Performance Log,72,4739844,Overall,6,
Athlete 4,171251,08/23/2021,Performance Log,72,4739844,Soreness,6,
Athlete 4,171251,08/23/2021,Performance Log,72,4739844,Hours of Sleep,8,hrs
Athlete 4,171251,08/23/2021,Performance Log,72,4739844,Quality of Sleep,6,
Athlete 4,171251,08/23/2021,Performance Log,72,4739844,Hydration,8,
Athlete 4,171251,08/23/2021,Performance Log,72,4739844,Nutrition,7,
Athlete 4,171251,08/23/2021,Performance Log,72,4739844,Stress,7,
Athlete 4,171251,08/23/2021,Performance Log,72,4739844,Body Weight,215,lbs
Athlete 4,171251,08/24/2021,Post Workout,65,4750699,Workout Duration,67,mins
Athlete 4,171251,08/24/2021,Post Workout,65,4750699,RPE,4,
Athlete 4,171251,08/24/2021,Performance Log,72,4750210,Overall,4,
Athlete 4,171251,08/24/2021,Performance Log,72,4750210,Soreness,4,
Athlete 4,171251,08/24/2021,Performance Log,72,4750210,Hours of Sleep,6,hrs
Athlete 4,171251,08/24/2021,Performance Log,72,4750210,Quality of Sleep,4,
Athlete 4,171251,08/24/2021,Performance Log,72,4750210,Hydration,4,
Athlete 4,171251,08/24/2021,Performance Log,72,4750210,Nutrition,4,
Athlete 4,171251,08/24/2021,Performance Log,72,4750210,Stress,4,
Athlete 4,171251,08/24/2021,Performance Log,72,4750210,Body Weight,215,lbs
Athlete 4,171251,08/25/2021,Post Workout,65,4758240,Workout Duration,65,mins
Athlete 4,171251,08/25/2021,Post Workout,65,4758240,RPE,4,
Athlete 4,171251,08/25/2021,Performance Log,72,4757737,Overall,4,
Athlete 4,171251,08/25/2021,Performance Log,72,4757737,Soreness,4,
Athlete 4,171251,08/25/2021,Performance Log,72,4757737,Hours of Sleep,7,hrs
Athlete 4,171251,08/25/2021,Performance Log,72,4757737,Quality of Sleep,4,
Athlete 4,171251,08/25/2021,Performance Log,72,4757737,Hydration,4,
Athlete 4,171251,08/25/2021,Performance Log,72,4757737,Nutrition,4,
Athlete 4,171251,08/25/2021,Performance Log,72,4757737,Stress,3,
Athlete 4,171251,08/25/2021,Performance Log,72,4757737,Body Weight,215,lbs
Athlete 4,171251,08/26/2021,Performance Log,72,4764773,Overall,7,
Athlete 4,171251,08/26/2021,Performance Log,72,4764773,Soreness,7,
Athlete 4,171251,08/26/2021,Performance Log,72,4764773,Hours of Sleep,7,hrs
Athlete 4,171251,08/26/2021,Performance Log,72,4764773,Quality of Sleep,6,
Athlete 4,171251,08/26/2021,Performance Log,72,4764773,Hydration,7,
Athlete 4,171251,08/26/2021,Performance Log,72,4764773,Nutrition,5,
Athlete 4,171251,08/26/2021,Performance Log,72,4764773,Stress,5,
Athlete 4,171251,08/26/2021,Performance Log,72,4764773,Body Weight,215,lbs
Athlete 4,171251,08/28/2021,Post Workout,65,4774909,Workout Duration,67,mins
Athlete 4,171251,08/28/2021,Post Workout,65,4774909,RPE,4,
Athlete 4,171251,08/28/2021,Performance Log,72,4774645,Overall,6,
Athlete 4,171251,08/28/2021,Performance Log,72,4774645,Soreness,7,
Athlete 4,171251,08/28/2021,Performance Log,72,4774645,Hours of Sleep,8,hrs
Athlete 4,171251,08/28/2021,Performance Log,72,4774645,Quality of Sleep,8,
Athlete 4,171251,08/28/2021,Performance Log,72,4774645,Hydration,8,
Athlete 4,171251,08/28/2021,Performance Log,72,4774645,Nutrition,6,
Athlete 4,171251,08/28/2021,Performance Log,72,4774645,Stress,6,
Athlete 4,171251,08/28/2021,Performance Log,72,4774645,Body Weight,218,lbs
